product_url,product_name,image_url,price
https://www.glassesshop.com/eyeglasses/fp2434,Lydia Black/Floral Rectangle Plastic Eyeglasses,"https://glassesshop-res.cloudinary.com/c_fill,f_auto,fl_lossy,q_auto,w_800,h_400,c_pad/products/202109/614a9c84c9ab0.jpg",$19.95
https://www.glassesshop.com/eyeglasses/fz1740,Memphis Petal Tortoise/Golden Square Acetate Eyeglasses,"https://glassesshop-res.cloudinary.com/c_fill,f_auto,fl_lossy,q_auto,w_800,h_400,c_pad/products/202108/6107bdcd1997d.jpg",$29.95
https://www.glassesshop.com/eyeglasses/fz1608,Hedy Multicolor Cat Eye Acetate Eyeglasses,"https://glassesshop-res.cloudinary.com/c_fill,f_auto,fl_lossy,q_auto,w_800,h_400,c_pad/products/202102/602a10c0cfd59.jpg",$29.95
https://www.glassesshop.com/eyeglasses/rm0313,Richfield Purple Polygon Metal Eyeglasses,"https://glassesshop-res.cloudinary.com/c_fill,f_auto,fl_lossy,q_auto,w_800,h_400,c_pad/products/202207/62cbdc278f8ed.jpg",$14.98
https://www.glassesshop.com/eyeglasses/st0271,Yves Brown Rectangle Titanium Eyeglasses,"https://glassesshop-res.cloudinary.com/c_fill,f_auto,fl_lossy,q_auto,w_800,h_400,c_pad/products/202205/6278cd1f9575f.jpg",$55.95
https://www.glassesshop.com/eyeglasses/fp2545,Ethel Crystal/Black Cat Eye TR90 Eyeglasses,"https://glassesshop-res.cloudinary.com/c_fill,f_auto,fl_lossy,q_auto,w_800,h_400,c_pad/products/202202/620a07d85f0ef.jpg",$24.95
https://www.glassesshop.com/eyeglasses/fp2010,Cooksville Champagne Oval Ultem Eyeglasses,"https://glassesshop-res.cloudinary.com/c_fill,f_auto,fl_lossy,q_auto,w_800,h_400,c_pad/products/202107/60f4cf1859345.jpg",$12.95
https://www.glassesshop.com/eyeglasses/fp2071,Taurus Crystal Square TR90 Eyeglasses,"https://glassesshop-res.cloudinary.com/c_fill,f_auto,fl_lossy,q_auto,w_800,h_400,c_pad/products/202107/60f4cf20d328f.jpg",$24.95
https://www.glassesshop.com/eyeglasses/fp2514,Hannah Champagne Cat Eye TR90 Eyeglasses,"https://glassesshop-res.cloudinary.com/c_fill,f_auto,fl_lossy,q_auto,w_800,h_400,c_pad/products/202112/61adbf7e62f41.jpg",$24.95
https://www.glassesshop.com/eyeglasses/fp2106,Gulfport Crystal/Golden Square TR90 Eyeglasses,"https://glassesshop-res.cloudinary.com/c_fill,f_auto,fl_lossy,q_auto,w_800,h_400,c_pad/products/202006/5ef06e3a89c4c.jpg",$19.95
https://www.glassesshop.com/eyeglasses/fm1354,Haywood Black/Rose Gold Oval Metal Eyeglasses,"https://glassesshop-res.cloudinary.com/c_fill,f_auto,fl_lossy,q_auto,w_800,h_400,c_pad/products/201812/5c2436744ec7f.jpg",$29.95
https://www.glassesshop.com/eyeglasses/fz1032,Poppy Multicolor Cat Eye Acetate Eyeglasses,"https://glassesshop-res.cloudinary.com/c_fill,f_auto,fl_lossy,q_auto,w_800,h_400,c_pad/products/202010/5f990771305f0.jpg",$29.95
https://www.glassesshop.com/eyeglasses/fp1979,Bronx Black Rectangle TR90 Eyeglasses,"https://glassesshop-res.cloudinary.com/c_fill,f_auto,fl_lossy,q_auto,w_800,h_400,c_pad/products/201910/5d9ff9961f92a.jpg",$12.95
https://www.glassesshop.com/eyeglasses/fp1506,Bruno Black/Gunmetal Rectangle TR90 Eyeglasses,"https://glassesshop-res.cloudinary.com/c_fill,f_auto,fl_lossy,q_auto,w_800,h_400,c_pad/products/201811/5bff5bf26798e.jpg",$19.95
https://www.glassesshop.com/eyeglasses/fp2047,Libra Black/Golden Browline TR90 Eyeglasses,"https://glassesshop-res.cloudinary.com/c_fill,f_auto,fl_lossy,q_auto,w_800,h_400,c_pad/products/202002/5e43692687da0.jpg",$24.95
https://www.glassesshop.com/eyeglasses/fm1244,Burke Black Round Metal Eyeglasses,"https://glassesshop-res.cloudinary.com/c_fill,f_auto,fl_lossy,q_auto,w_800,h_400,c_pad/products/201805/5b05174d38e7e.jpg",$24.95
https://www.glassesshop.com/eyeglasses/fz1491,Joplin Green Round Acetate Eyeglasses,"https://glassesshop-res.cloudinary.com/c_fill,f_auto,fl_lossy,q_auto,w_800,h_400,c_pad/products/202008/5f30c11add35e.jpg",$24.95
https://www.glassesshop.com/eyeglasses/fm1387,Celia Rose Gold Cat Eye Metal Eyeglasses,"https://glassesshop-res.cloudinary.com/c_fill,f_auto,fl_lossy,q_auto,w_800,h_400,c_pad/products/201906/5d031896311f6.jpg",$19.95
https://www.glassesshop.com/eyeglasses/fp2468,Water Tortoise Oval Metal Eyeglasses,"https://glassesshop-res.cloudinary.com/c_fill,f_auto,fl_lossy,q_auto,w_800,h_400,c_pad/products/202111/617fad01dd332.jpg",$29.95
https://www.glassesshop.com/eyeglasses/fp2024,Joni Champagne Horn TR90 Eyeglasses,"https://glassesshop-res.cloudinary.com/c_fill,f_auto,fl_lossy,q_auto,w_800,h_400,c_pad/products/202106/60bdd7ddbb29d.jpg",$29.95
https://www.glassesshop.com/eyeglasses/fp2035,Oberlin Black Horn TR90 Eyeglasses,"https://glassesshop-res.cloudinary.com/c_fill,f_auto,fl_lossy,q_auto,w_800,h_400,c_pad/products/201911/5dbfed02cae13.jpg",$19.95
https://www.glassesshop.com/eyeglasses/ft0304,Annabel Rose Gold Polygon Titanium Eyeglasses,"https://glassesshop-res.cloudinary.com/c_fill,f_auto,fl_lossy,q_auto,w_800,h_400,c_pad/products/201906/5d0318965cdb1.jpg",$39.95
https://www.glassesshop.com/eyeglasses/fp1991,Asheville Crystal Oval TR90 Eyeglasses,"https://glassesshop-res.cloudinary.com/c_fill,f_auto,fl_lossy,q_auto,w_800,h_400,c_pad/products/202106/60bdd7c30d594.jpg",$12.95
https://www.glassesshop.com/eyeglasses/sup0791,Evanston Black Square TR90 Sunglasses,"https://glassesshop-res.cloudinary.com/c_fill,f_auto,fl_lossy,q_auto,w_800,h_400,c_pad/products/202007/5f1e8acd71af1.jpg",$24.95
https://www.glassesshop.com/eyeglasses/fz1250,Vivian Multicolor Square Acetate Eyeglasses,"https://glassesshop-res.cloudinary.com/c_fill,f_auto,fl_lossy,q_auto,w_800,h_400,c_pad/products/201810/5bbc4f0f37405.jpg",$29.95
https://www.glassesshop.com/eyeglasses/fz1358,Milne Crystal Rectangle Acetate Eyeglasses,"https://glassesshop-res.cloudinary.com/c_fill,f_auto,fl_lossy,q_auto,w_800,h_400,c_pad/products/201907/5d1dad7e8b665.jpg",$29.95
https://www.glassesshop.com/eyeglasses/fm1286,Lyndon Black Rectangle Metal Eyeglasses,"https://glassesshop-res.cloudinary.com/c_fill,f_auto,fl_lossy,q_auto,w_800,h_400,c_pad/products/201807/5b5fc1d09945c.jpg",$19.95
https://www.glassesshop.com/eyeglasses/fp1746,Murphy Black Browline Ultem Eyeglasses,"https://glassesshop-res.cloudinary.com/c_fill,f_auto,fl_lossy,q_auto,w_800,h_400,c_pad/products/201811/5bebc0387547c.jpg",$39.95
https://www.glassesshop.com/eyeglasses/fp2299,Denise Black Cat Eye TR90 Eyeglasses,"https://glassesshop-res.cloudinary.com/c_fill,f_auto,fl_lossy,q_auto,w_800,h_400,c_pad/products/202105/60b5d4998f26f.jpg",$24.94
https://www.glassesshop.com/eyeglasses/fp2445,Dinah Black/Golden Cat Eye TR90 Eyeglasses,"https://glassesshop-res.cloudinary.com/c_fill,f_auto,fl_lossy,q_auto,w_800,h_400,c_pad/products/202109/614a9ce1a161e.jpg",$24.95
https://www.glassesshop.com/eyeglasses/fz1391,Miami Floral Horn Acetate Eyeglasses,"https://glassesshop-res.cloudinary.com/c_fill,f_auto,fl_lossy,q_auto,w_800,h_400,c_pad/products/201910/5d9ffa6c561dc.jpg",$29.95
https://www.glassesshop.com/eyeglasses/fz1658,Kitty Petal Tortoise Cat Eye Acetate Eyeglasses,"https://glassesshop-res.cloudinary.com/c_fill,f_auto,fl_lossy,q_auto,w_800,h_400,c_pad/products/202104/606bbf4a231b5.jpg",$29.95
https://www.glassesshop.com/eyeglasses/fp2484,Worcester Black Square TR90 Eyeglasses,"https://glassesshop-res.cloudinary.com/c_fill,f_auto,fl_lossy,q_auto,w_800,h_400,c_pad/products/202111/617fad8258758.jpg",$24.95
https://www.glassesshop.com/eyeglasses/fm1405,Toledo Rose Gold Polygon Metal Eyeglasses,"https://glassesshop-res.cloudinary.com/c_fill,f_auto,fl_lossy,q_auto,w_800,h_400,c_pad/products/201910/5da92c7eb9fb3.jpg",$24.95
https://www.glassesshop.com/eyeglasses/fp1972,Flushing Crystal Rectangle TR90 Eyeglasses,"https://glassesshop-res.cloudinary.com/c_fill,f_auto,fl_lossy,q_auto,w_800,h_400,c_pad/products/202106/60bdd9c8ae6b0.jpg",$12.95
https://www.glassesshop.com/eyeglasses/fp1804,Watertown Brown Rectangle TR90 Eyeglasses,"https://glassesshop-res.cloudinary.com/c_fill,f_auto,fl_lossy,q_auto,w_800,h_400,c_pad/products/202105/60b58487603f5.jpg",$19.95
https://www.glassesshop.com/eyeglasses/fz1461,Prairie Petal Tortoise Rectangle Acetate Eyeglasses,"https://glassesshop-res.cloudinary.com/c_fill,f_auto,fl_lossy,q_auto,w_800,h_400,c_pad/products/202005/5eb913470af6b.jpg",$34.95
https://www.glassesshop.com/eyeglasses/fz1320,Vogt Multicolor Square Acetate Eyeglasses,"https://glassesshop-res.cloudinary.com/c_fill,f_auto,fl_lossy,q_auto,w_800,h_400,c_pad/products/201906/5cf8ca4eb5fb5.jpg",$29.95
https://www.glassesshop.com/eyeglasses/fz1313,Whittier Black/Blue Rectangle Acetate Eyeglasses,"https://glassesshop-res.cloudinary.com/c_fill,f_auto,fl_lossy,q_auto,w_800,h_400,c_pad/products/201906/5cf8ca4e9765e.jpg",$29.95
https://www.glassesshop.com/eyeglasses/fm1654,Modesto Rose Gold/White Square Metal Eyeglasses,"https://glassesshop-res.cloudinary.com/c_fill,f_auto,fl_lossy,q_auto,w_800,h_400,c_pad/products/202111/617fae5de0604.jpg",$24.95
https://www.glassesshop.com/eyeglasses/fp1438,Prince Tortoise Round Ultem Eyeglasses,"https://glassesshop-res.cloudinary.com/c_fill,f_auto,fl_lossy,q_auto,w_800,h_400,c_pad/products/202005/5eb91ab52f793.jpg",$19.95
https://www.glassesshop.com/eyeglasses/sup0821,Walnut Black Aviator Metal Sunglasses,"https://glassesshop-res.cloudinary.com/c_fill,f_auto,fl_lossy,q_auto,w_800,h_400,c_pad/products/202004/5e93cdb77d4ef.jpg",$29.95
https://www.glassesshop.com/eyeglasses/fm1553,Amelia Purple Oval Metal Eyeglasses,"https://glassesshop-res.cloudinary.com/c_fill,f_auto,fl_lossy,q_auto,w_800,h_400,c_pad/products/202102/603c4e48ab639.jpg",$34.95
https://www.glassesshop.com/eyeglasses/fp2151,Dominic Purple/Floral Rectangle TR90 Eyeglasses,"https://glassesshop-res.cloudinary.com/c_fill,f_auto,fl_lossy,q_auto,w_800,h_400,c_pad/products/202011/5f9faec3362e6.jpg",$12.95
https://www.glassesshop.com/eyeglasses/sup1282,Chamomile Brown Round TR90 Sunglasses,"https://glassesshop-res.cloudinary.com/c_fill,f_auto,fl_lossy,q_auto,w_800,h_400,c_pad/products/202203/6244006ac349b.jpg",$24.95
https://www.glassesshop.com/eyeglasses/fp2384,Fitchburg Black Round TR90 Eyeglasses,"https://glassesshop-res.cloudinary.com/c_fill,f_auto,fl_lossy,q_auto,w_800,h_400,c_pad/products/202209/63106318046ae.jpg",$9.95
https://www.glassesshop.com/eyeglasses/fz1297,Hume Tortoise/Brown Oval Acetate Eyeglasses,"https://glassesshop-res.cloudinary.com/c_fill,f_auto,fl_lossy,q_auto,w_800,h_400,c_pad/products/201901/5c3403881a8fe.jpg",$29.95
https://www.glassesshop.com/eyeglasses/fp2522,Pasadena Crystal/Golden Oval TR90 Eyeglasses,"https://glassesshop-res.cloudinary.com/c_fill,f_auto,fl_lossy,q_auto,w_800,h_400,c_pad/products/202201/61dbe61575c31.jpg",$12.48
https://www.glassesshop.com/eyeglasses/fz1370,Maltz Petal Tortoise Square Acetate Eyeglasses,"https://glassesshop-res.cloudinary.com/c_fill,f_auto,fl_lossy,q_auto,w_800,h_400,c_pad/products/201907/5d268bd88f69a.jpg",$29.95
https://www.glassesshop.com/eyeglasses/sm0860,Willie Black Rectangle Metal Eyeglasses,"https://glassesshop-res.cloudinary.com/c_fill,f_auto,fl_lossy,q_auto,w_800,h_400,c_pad/products/201810/5bbc51096d6bb.jpg",$19.95
https://www.glassesshop.com/eyeglasses/fp2111,Althea Tortoise/Pink Rectangle TR90 Eyeglasses,"https://glassesshop-res.cloudinary.com/c_fill,f_auto,fl_lossy,q_auto,w_800,h_400,c_pad/products/202007/5f0d02e66cf0b.jpg",$19.95
https://www.glassesshop.com/eyeglasses/fp1768,Belle Black Rectangle TR90 Eyeglasses,"https://glassesshop-res.cloudinary.com/c_fill,f_auto,fl_lossy,q_auto,w_800,h_400,c_pad/products/201808/5b7e0ee2a1137.jpg",$19.95
https://www.glassesshop.com/eyeglasses/fz1268,Genevieve Tortoise Rectangle Acetate Eyeglasses,"https://glassesshop-res.cloudinary.com/c_fill,f_auto,fl_lossy,q_auto,w_800,h_400,c_pad/products/201810/5bbc509cc7c07.jpg",$34.95
https://www.glassesshop.com/eyeglasses/fp1841,Butler Black Rectangle TR90 Eyeglasses,"https://glassesshop-res.cloudinary.com/c_fill,f_auto,fl_lossy,q_auto,w_800,h_400,c_pad/products/201904/5cb69b512d7b0.jpg",$19.95
https://www.glassesshop.com/eyeglasses/fm1711,Aubrey Gunmetal Rectangle Metal Eyeglasses,"https://glassesshop-res.cloudinary.com/c_fill,f_auto,fl_lossy,q_auto,w_800,h_400,c_pad/products/202202/620a048369ad4.jpg",$24.95
https://www.glassesshop.com/eyeglasses/sup0622,Wilker Black Cat Eye Plastic Sunglasses,"https://glassesshop-res.cloudinary.com/c_fill,f_auto,fl_lossy,q_auto,w_800,h_400,c_pad/products/201904/5cb69b5e59b5c.jpg",$29.95
https://www.glassesshop.com/eyeglasses/fm1297,Payne Gunmetal Rectangle Metal Eyeglasses,"https://glassesshop-res.cloudinary.com/c_fill,f_auto,fl_lossy,q_auto,w_800,h_400,c_pad/products/201808/5b72831004578.jpg",$29.95
https://www.glassesshop.com/eyeglasses/fm1385,Riverside Black/Golden Oval Metal Eyeglasses,"https://glassesshop-res.cloudinary.com/c_fill,f_auto,fl_lossy,q_auto,w_800,h_400,c_pad/products/201906/5d031896295ff.jpg",$19.95
https://www.glassesshop.com/eyeglasses/fp2038,Fresno Tortoise Horn TR90 Eyeglasses,"https://glassesshop-res.cloudinary.com/c_fill,f_auto,fl_lossy,q_auto,w_800,h_400,c_pad/products/202107/60e6732319eaf.jpg",$12.95
https://www.glassesshop.com/eyeglasses/fz1207,Pete Tortoise Rectangle Acetate Eyeglasses,"https://glassesshop-res.cloudinary.com/c_fill,f_auto,fl_lossy,q_auto,w_800,h_400,c_pad/products/201807/5b4c5f5d54841.jpg",$29.95
https://www.glassesshop.com/eyeglasses/fp1730,Grover Black Rectangle Ultem Eyeglasses,"https://glassesshop-res.cloudinary.com/c_fill,f_auto,fl_lossy,q_auto,w_800,h_400,c_pad/products/201807/5b3dd02194eeb.jpg",$34.95
https://www.glassesshop.com/eyeglasses/fp2319,Alberta Purple/Crystal Oval TR90 Eyeglasses,"https://glassesshop-res.cloudinary.com/c_fill,f_auto,fl_lossy,q_auto,w_800,h_400,c_pad/products/202109/614a997e94a70.jpg",$9.95
https://www.glassesshop.com/eyeglasses/fp2158,Indianapolis Tortoise Rectangle TR90 Eyeglasses,"https://glassesshop-res.cloudinary.com/c_fill,f_auto,fl_lossy,q_auto,w_800,h_400,c_pad/products/202011/5fa8e947af13a.jpg",$9.95
https://www.glassesshop.com/eyeglasses/fp2183,Jacksonville Black/golden Rectangle TR90 Eyeglasses,"https://glassesshop-res.cloudinary.com/c_fill,f_auto,fl_lossy,q_auto,w_800,h_400,c_pad/products/202011/5fc45741a56c5.jpg",$19.95
https://www.glassesshop.com/eyeglasses/sm0937,Mark Black Rectangle Metal Eyeglasses,"https://glassesshop-res.cloudinary.com/c_fill,f_auto,fl_lossy,q_auto,w_800,h_400,c_pad/products/202112/61adc0a1be88b.jpg",$29.95
https://www.glassesshop.com/eyeglasses/fp0989,Hillsborough Black/Chocolate Rectangle Plastic Eyeglasses,"https://glassesshop-res.cloudinary.com/c_fill,f_auto,fl_lossy,q_auto,w_800,h_400,c_pad/products/202101/5ff15557c070f.jpg",$19.95
https://www.glassesshop.com/eyeglasses/fz1015,Iowa Black/Blue Rectangle Acetate Eyeglasses,"https://glassesshop-res.cloudinary.com/c_fill,f_auto,fl_lossy,q_auto,w_800,h_400,c_pad/products/201707/595c863c38c17.jpg",$29.95
https://www.glassesshop.com/eyeglasses/sup0568,Gaskell Black Rectangle Metal Sunglasses,"https://glassesshop-res.cloudinary.com/c_fill,f_auto,fl_lossy,q_auto,w_800,h_400,c_pad/products/201811/5be91fb066b41.jpg",$29.95
https://www.glassesshop.com/eyeglasses/fz1392,Endicott Black/Green Rectangle Acetate Eyeglasses,"https://glassesshop-res.cloudinary.com/c_fill,f_auto,fl_lossy,q_auto,w_800,h_400,c_pad/products/201910/5d9ffa72dbb0e.jpg",$29.95
https://www.glassesshop.com/eyeglasses/fp1694,Lexingto Crystal/Floral Cat Eye TR90 Eyeglasses,"https://glassesshop-res.cloudinary.com/c_fill,f_auto,fl_lossy,q_auto,w_800,h_400,c_pad/products/202106/60bdd99fb7511.jpg",$19.95
https://www.glassesshop.com/eyeglasses/sup0759,Christian Black Rectangle TR90 Sunglasses,"https://glassesshop-res.cloudinary.com/c_fill,f_auto,fl_lossy,q_auto,w_800,h_400,c_pad/products/202001/5e0eb47d12e4c.jpg",$29.95
https://www.glassesshop.com/eyeglasses/fm1263,Rochester Black/Golden Oval Metal Eyeglasses,"https://glassesshop-res.cloudinary.com/c_fill,f_auto,fl_lossy,q_auto,w_800,h_400,c_pad/products/201906/5cf730e71cec3.jpg",$29.95
https://www.glassesshop.com/eyeglasses/fp2323,Miranda Black Cat Eye TR90 Eyeglasses,"https://glassesshop-res.cloudinary.com/c_fill,f_auto,fl_lossy,q_auto,w_800,h_400,c_pad/products/202106/60c8026e20465.jpg",$19.95
https://www.glassesshop.com/eyeglasses/fp1401,Holt Black Rectangle TR90 Eyeglasses,"https://glassesshop-res.cloudinary.com/c_fill,f_auto,fl_lossy,q_auto,w_800,h_400,c_pad/products/201708/59841308cc508.jpg",$19.95
https://www.glassesshop.com/eyeglasses/rm0247,Terre Golden Rectangle Metal Eyeglasses,"https://glassesshop-res.cloudinary.com/c_fill,f_auto,fl_lossy,q_auto,w_800,h_400,c_pad/products/201703/58c7556ccda85.jpg",$32.95
https://www.glassesshop.com/eyeglasses/fz1368,Leigh Petal Tortoise Oval Acetate Eyeglasses,"https://glassesshop-res.cloudinary.com/c_fill,f_auto,fl_lossy,q_auto,w_800,h_400,c_pad/products/201907/5d268bd885fb9.jpg",$29.95
https://www.glassesshop.com/eyeglasses/fp2489,Niki Black/Green Rectangle TR90 Eyeglasses,"https://glassesshop-res.cloudinary.com/c_fill,f_auto,fl_lossy,q_auto,w_800,h_400,c_pad/products/202201/61dbe5cd249c1.jpg",$24.95
https://www.glassesshop.com/eyeglasses/fp1618,Baldwin Blue Rectangle TR90 Eyeglasses,"https://glassesshop-res.cloudinary.com/c_fill,f_auto,fl_lossy,q_auto,w_800,h_400,c_pad/products/201805/5afe7d156f3d7.jpg",$19.95
https://www.glassesshop.com/eyeglasses/fp1644,Isaiah Black/Crystal Rectangle TR90 Eyeglasses,"https://glassesshop-res.cloudinary.com/c_fill,f_auto,fl_lossy,q_auto,w_800,h_400,c_pad/products/201805/5afe7e919eb7f.jpg",$19.95
https://www.glassesshop.com/eyeglasses/fz1159,Enoch Purple Rectangle Acetate Eyeglasses,"https://glassesshop-res.cloudinary.com/c_fill,f_auto,fl_lossy,q_auto,w_800,h_400,c_pad/products/201805/5b0fae2e711fc.jpg",$29.95
https://www.glassesshop.com/eyeglasses/ft0525,Niagara Black/Golden Aviator Titanium Eyeglasses,"https://glassesshop-res.cloudinary.com/c_fill,f_auto,fl_lossy,q_auto,w_800,h_400,c_pad/products/202108/6107bd292b8c5.jpg",$45.95
https://www.glassesshop.com/eyeglasses/sup1074,Clarence Tortoise Rectangle TR90 Sunglasses,"https://glassesshop-res.cloudinary.com/c_fill,f_auto,fl_lossy,q_auto,w_800,h_400,c_pad/products/202103/60457fdbce7bd.jpg",$9.95
https://www.glassesshop.com/eyeglasses/sup1014,Elroy Black Rectangle TR90 Sunglasses,"https://glassesshop-res.cloudinary.com/c_fill,f_auto,fl_lossy,q_auto,w_800,h_400,c_pad/products/202009/5f5f31cf1a282.jpg",$29.95
https://www.glassesshop.com/eyeglasses/fp2013,Rainbow Multicolor Cat Eye TR90 Eyeglasses,"https://glassesshop-res.cloudinary.com/c_fill,f_auto,fl_lossy,q_auto,w_800,h_400,c_pad/products/201910/5db16a534b675.jpg",$19.95
https://www.glassesshop.com/eyeglasses/fp2270,Orlando Blue Rectangle TR90 Eyeglasses,"https://glassesshop-res.cloudinary.com/c_fill,f_auto,fl_lossy,q_auto,w_800,h_400,c_pad/products/202104/606bc795eb91c.jpg",$12.95
https://www.glassesshop.com/eyeglasses/sup0793,Aurora Tortoise Rectangle Acetate Sunglasses,"https://glassesshop-res.cloudinary.com/c_fill,f_auto,fl_lossy,q_auto,w_800,h_400,c_pad/products/202004/5e93cce730382.jpg",$29.95
https://www.glassesshop.com/eyeglasses/fp1088,Reno Black Rectangle TR90 Eyeglasses,"https://glassesshop-res.cloudinary.com/c_fill,f_auto,fl_lossy,q_auto,w_800,h_400,c_pad/products/201611/581c4a3fa7f0a.jpg",$44.95
https://www.glassesshop.com/eyeglasses/fm1669,John Golden Aviator Metal Eyeglasses,"https://glassesshop-res.cloudinary.com/c_fill,f_auto,fl_lossy,q_auto,w_800,h_400,c_pad/products/202202/620a0439abcb7.jpg",$29.95
https://www.glassesshop.com/eyeglasses/fz1894,Bellevue Blue/Crystal Rectangle Acetate Eyeglasses,"https://glassesshop-res.cloudinary.com/c_fill,f_auto,fl_lossy,q_auto,w_800,h_400,c_pad/products/202202/620a0b81044ea.jpg",$29.95
https://www.glassesshop.com/eyeglasses/fp1726,Dove Black Round Ultem Eyeglasses,"https://glassesshop-res.cloudinary.com/c_fill,f_auto,fl_lossy,q_auto,w_800,h_400,c_pad/products/201807/5b3dcfeb7bc2f.jpg",$34.95
https://www.glassesshop.com/eyeglasses/fp1724,Felix Black Rectangle Ultem Eyeglasses,"https://glassesshop-res.cloudinary.com/c_fill,f_auto,fl_lossy,q_auto,w_800,h_400,c_pad/products/201807/5b3dcfdb8dcd4.jpg",$19.95
https://www.glassesshop.com/eyeglasses/sup0749,Bernardino Golden Aviator Metal Sunglasses,"https://glassesshop-res.cloudinary.com/c_fill,f_auto,fl_lossy,q_auto,w_800,h_400,c_pad/products/202007/5f1e8ac5b6c35.jpg",$24.95
https://www.glassesshop.com/eyeglasses/fp1719,Jean Black/Floral Cat Eye Plastic Eyeglasses,"https://glassesshop-res.cloudinary.com/c_fill,f_auto,fl_lossy,q_auto,w_800,h_400,c_pad/products/201902/5c7757050ca47.jpg",$24.95
https://www.glassesshop.com/eyeglasses/fz1279,Ezekiel Blue Rectangle Acetate Eyeglasses,"https://glassesshop-res.cloudinary.com/c_fill,f_auto,fl_lossy,q_auto,w_800,h_400,c_pad/products/201810/5bbc50f665fff.jpg",$29.95
https://www.glassesshop.com/eyeglasses/fz0781,Horace Black Rectangle Acetate Eyeglasses,"https://glassesshop-res.cloudinary.com/c_fill,f_auto,fl_lossy,q_auto,w_800,h_400,c_pad/products/201811/5bff5bf26bea7.jpg",$29.95
https://www.glassesshop.com/eyeglasses/fp2248,Jackson Gray/Blue Rectangle TR90 Eyeglasses,"https://glassesshop-res.cloudinary.com/c_fill,f_auto,fl_lossy,q_auto,w_800,h_400,c_pad/products/202102/602a10198cf41.jpg",$24.95
https://www.glassesshop.com/eyeglasses/fp2190,Naperville Black/Pink Rectangle TR90 Eyeglasses,"https://glassesshop-res.cloudinary.com/c_fill,f_auto,fl_lossy,q_auto,w_800,h_400,c_pad/products/202012/5fdb212b56675.jpg",$12.95
https://www.glassesshop.com/eyeglasses/fp1363,Evansville Black Rectangle TR90 Eyeglasses,"https://glassesshop-res.cloudinary.com/c_fill,f_auto,fl_lossy,q_auto,w_800,h_400,c_pad/products/202102/6023752dda9dd.jpg",$19.95
https://www.glassesshop.com/eyeglasses/fp2195,Owensboro Black Rectangle TR90 Eyeglasses,"https://glassesshop-res.cloudinary.com/c_fill,f_auto,fl_lossy,q_auto,w_800,h_400,c_pad/products/202011/5fc45793d9906.jpg",$12.95
https://www.glassesshop.com/eyeglasses/fm1372,Newark Black/Rose Gold Cat Eye Metal Eyeglasses,"https://glassesshop-res.cloudinary.com/c_fill,f_auto,fl_lossy,q_auto,w_800,h_400,c_pad/products/201903/5c99cd282b827.jpg",$24.95
https://www.glassesshop.com/eyeglasses/fz1767,Debby Multicolor Round Acetate Eyeglasses,"https://glassesshop-res.cloudinary.com/c_fill,f_auto,fl_lossy,q_auto,w_800,h_400,c_pad/products/202111/617faa482167a.jpg",$29.95
https://www.glassesshop.com/eyeglasses/sup1175,Michelle Tortoise Square TR90 Sunglasses,"https://glassesshop-res.cloudinary.com/c_fill,f_auto,fl_lossy,q_auto,w_800,h_400,c_pad/products/202106/60c7fae0d0b31.jpg",$29.95
https://www.glassesshop.com/eyeglasses/sup0828,Megan Black Oval Plastic Sunglasses,"https://glassesshop-res.cloudinary.com/c_fill,f_auto,fl_lossy,q_auto,w_800,h_400,c_pad/products/202105/60924522f3ddf.jpg",$29.95
https://www.glassesshop.com/eyeglasses/sup1203,TerreHaute Black Rectangle TR90 Sunglasses,"https://glassesshop-res.cloudinary.com/c_fill,f_auto,fl_lossy,q_auto,w_800,h_400,c_pad/products/202106/60d17b88cdbd8.jpg",$19.95
https://www.glassesshop.com/eyeglasses/fp2587,FortMyers Brown/Gray Square TR90 Eyeglasses,"https://glassesshop-res.cloudinary.com/c_fill,f_auto,fl_lossy,q_auto,w_800,h_400,c_pad/products/202205/6278d3a072378.jpg",$29.95
https://www.glassesshop.com/eyeglasses/fz1687,Creston Burgundy Rectangle Acetate Eyeglasses,"https://glassesshop-res.cloudinary.com/c_fill,f_auto,fl_lossy,q_auto,w_800,h_400,c_pad/products/202104/606bbf9b8af85.jpg",$29.95
https://www.glassesshop.com/eyeglasses/rm0322,AnnArbor Golden/White Rectangle Metal Eyeglasses,"https://glassesshop-res.cloudinary.com/c_fill,f_auto,fl_lossy,q_auto,w_800,h_400,c_pad/products/202208/62f1d77859ed7.jpg",$14.98
https://www.glassesshop.com/eyeglasses/fp2545,Ethel Crystal/Black Cat Eye TR90 Eyeglasses,"https://glassesshop-res.cloudinary.com/c_fill,f_auto,fl_lossy,q_auto,w_800,h_400,c_pad/products/202202/620a07d85f0ef.jpg",$24.95
https://www.glassesshop.com/eyeglasses/fm1409,Springfield Rose Gold Square Metal Eyeglasses,"https://glassesshop-res.cloudinary.com/c_fill,f_auto,fl_lossy,q_auto,w_800,h_400,c_pad/products/201910/5da92c9b54c80.jpg",$24.95
https://www.glassesshop.com/eyeglasses/sup0509,Sid Gunmetal Aviator Metal Sunglasses,"https://glassesshop-res.cloudinary.com/c_fill,f_auto,fl_lossy,q_auto,w_800,h_400,c_pad/products/201807/5b4db90b0447d.jpg",$34.95
https://www.glassesshop.com/eyeglasses/fp2330,Tower Black Square TR90 Eyeglasses,"https://glassesshop-res.cloudinary.com/c_fill,f_auto,fl_lossy,q_auto,w_800,h_400,c_pad/products/202106/60c8029c30cbc.jpg",$19.95
https://www.glassesshop.com/eyeglasses/rm0288,Egbert Gunmetal Rectangle Titanium Eyeglasses,"https://glassesshop-res.cloudinary.com/c_fill,f_auto,fl_lossy,q_auto,w_800,h_400,c_pad/products/202009/5f5edd683b77a.jpg",$54.95
https://www.glassesshop.com/eyeglasses/fz1089,Mandy Tortoise Cat Eye Acetate Eyeglasses,"https://glassesshop-res.cloudinary.com/c_fill,f_auto,fl_lossy,q_auto,w_800,h_400,c_pad/products/201710/59e01c51ef38a.jpg",$29.95
https://www.glassesshop.com/eyeglasses/fp1938,Abina Purple Rectangle TR90 Eyeglasses,"https://glassesshop-res.cloudinary.com/c_fill,f_auto,fl_lossy,q_auto,w_800,h_400,c_pad/products/202204/624d30c1d7489.jpg",$19.95
https://www.glassesshop.com/eyeglasses/fp1443,Tiffen Black Oval TR90 Eyeglasses,"https://glassesshop-res.cloudinary.com/c_fill,f_auto,fl_lossy,q_auto,w_800,h_400,c_pad/products/201711/59fd64946717c.jpg",$19.95
https://www.glassesshop.com/eyeglasses/fm1394,Attis Golden Aviator Metal Eyeglasses,"https://glassesshop-res.cloudinary.com/c_fill,f_auto,fl_lossy,q_auto,w_800,h_400,c_pad/products/202011/5fbf2aaec33c1.jpg",$24.95
https://www.glassesshop.com/eyeglasses/ft0325,Dubois Black Round Titanium Eyeglasses,"https://glassesshop-res.cloudinary.com/c_fill,f_auto,fl_lossy,q_auto,w_800,h_400,c_pad/products/201908/5d4d18048e8bd.jpg",$49.95
https://www.glassesshop.com/eyeglasses/sm0795,Martin Black Rectangle Metal Eyeglasses,"https://glassesshop-res.cloudinary.com/c_fill,f_auto,fl_lossy,q_auto,w_800,h_400,c_pad/products/201803/5ab4ad5bc248c.jpg",$29.95
https://www.glassesshop.com/eyeglasses/sup1050,Boris Black Rectangle Metal Sunglasses,"https://glassesshop-res.cloudinary.com/c_fill,f_auto,fl_lossy,q_auto,w_800,h_400,c_pad/products/202105/60a36091b5735.jpg",$29.95
https://www.glassesshop.com/eyeglasses/ft0458,Orleans Crystal/Silver Rectangle TR90 Eyeglasses,"https://glassesshop-res.cloudinary.com/c_fill,f_auto,fl_lossy,q_auto,w_800,h_400,c_pad/products/202106/60bdd2c3ab5ea.jpg",$49.95
https://www.glassesshop.com/eyeglasses/fp1988,Labrador Crystal Round TR90 Eyeglasses,"https://glassesshop-res.cloudinary.com/c_fill,f_auto,fl_lossy,q_auto,w_800,h_400,c_pad/products/202106/60bdd7a9093d3.jpg",$12.95
https://www.glassesshop.com/eyeglasses/fp2185,Bainbridge Black/Golden Rectangle TR90 Eyeglasses,"https://glassesshop-res.cloudinary.com/c_fill,f_auto,fl_lossy,q_auto,w_800,h_400,c_pad/products/202011/5fc4575041188.jpg",$19.95
https://www.glassesshop.com/eyeglasses/ft0360,Mobile Rose Gold Round Titanium Eyeglasses,"https://glassesshop-res.cloudinary.com/c_fill,f_auto,fl_lossy,q_auto,w_800,h_400,c_pad/products/202002/5e377f9ccb097.jpg",$39.95
https://www.glassesshop.com/eyeglasses/fm1192,Lopez Black Oval Metal Eyeglasses,"https://glassesshop-res.cloudinary.com/c_fill,f_auto,fl_lossy,q_auto,w_800,h_400,c_pad/products/201804/5acd65a965f8e.jpg",$12.95
https://www.glassesshop.com/eyeglasses/sm0943,Conrad Blue Rectangle Metal Eyeglasses,"https://glassesshop-res.cloudinary.com/c_fill,f_auto,fl_lossy,q_auto,w_800,h_400,c_pad/products/202202/620a16842bc92.jpg",$24.95
https://www.glassesshop.com/eyeglasses/fp2491,Woolf Black Round TR90 Eyeglasses,"https://glassesshop-res.cloudinary.com/c_fill,f_auto,fl_lossy,q_auto,w_800,h_400,c_pad/products/202111/617fad8a1d1d2.jpg",$24.95
https://www.glassesshop.com/eyeglasses/sup1252,Geraldine Black Rectangle Acetate Sunglasses,"https://glassesshop-res.cloudinary.com/c_fill,f_auto,fl_lossy,q_auto,w_800,h_400,c_pad/products/202109/613efc409deb9.jpg",$29.95
https://www.glassesshop.com/eyeglasses/sup1101,Galveston Black Square TR90 Sunglasses,"https://glassesshop-res.cloudinary.com/c_fill,f_auto,fl_lossy,q_auto,w_800,h_400,c_pad/products/202103/604580ab73609.jpg",$29.95
https://www.glassesshop.com/eyeglasses/fp1762,Arlene Black Rectangle TR90 Eyeglasses,"https://glassesshop-res.cloudinary.com/c_fill,f_auto,fl_lossy,q_auto,w_800,h_400,c_pad/products/201808/5b7e0ee291eff.jpg",$24.95
https://www.glassesshop.com/eyeglasses/fm1271,Omar Gunmetal Rectangle Metal Eyeglasses,"https://glassesshop-res.cloudinary.com/c_fill,f_auto,fl_lossy,q_auto,w_800,h_400,c_pad/products/201807/5b4c4d7b98167.jpg",$19.95
https://www.glassesshop.com/eyeglasses/fz1709,Osborn Petal Tortoise Rectangle Acetate Eyeglasses,"https://glassesshop-res.cloudinary.com/c_fill,f_auto,fl_lossy,q_auto,w_800,h_400,c_pad/products/202109/6135d4640f5e0.jpg",$34.95
https://www.glassesshop.com/eyeglasses/fp2449,Elva Tortoise/Golden Round TR90 Eyeglasses,"https://glassesshop-res.cloudinary.com/c_fill,f_auto,fl_lossy,q_auto,w_800,h_400,c_pad/products/202109/614a9d0336307.jpg",$24.95
https://www.glassesshop.com/eyeglasses/fp1593,Jerry Gray Rectangle TR90 Eyeglasses,"https://glassesshop-res.cloudinary.com/c_fill,f_auto,fl_lossy,q_auto,w_800,h_400,c_pad/products/201805/5afb961147318.jpg",$24.95
https://www.glassesshop.com/eyeglasses/fp1651,Owen Black/Chocolate Rectangle TR90 Eyeglasses,"https://glassesshop-res.cloudinary.com/c_fill,f_auto,fl_lossy,q_auto,w_800,h_400,c_pad/products/201805/5afe7ed0f360c.jpg",$19.95
https://www.glassesshop.com/eyeglasses/fp2105,Salisbury Black/Golden Browline TR90 Eyeglasses,"https://glassesshop-res.cloudinary.com/c_fill,f_auto,fl_lossy,q_auto,w_800,h_400,c_pad/products/202006/5ef06e335153e.jpg",$19.95
https://www.glassesshop.com/eyeglasses/fz1084,Nicole Black/Pink Cat Eye Acetate Eyeglasses,"https://glassesshop-res.cloudinary.com/c_fill,f_auto,fl_lossy,q_auto,w_800,h_400,c_pad/products/201710/59e01c2d210b5.jpg",$29.95
https://www.glassesshop.com/eyeglasses/sup0907,Troy Black/Golden Browline TR90 Sunglasses,"https://glassesshop-res.cloudinary.com/c_fill,f_auto,fl_lossy,q_auto,w_800,h_400,c_pad/products/202006/5ef07d5777f2e.jpg",$24.95
https://www.glassesshop.com/eyeglasses/fm1087,Lambert Gunmetal(Silver Mirror-coating) Rectangle Metal Eyeglasses,"https://glassesshop-res.cloudinary.com/c_fill,f_auto,fl_lossy,q_auto,w_800,h_400,c_pad/products/201707/5965e63422474.jpg",$39.95
https://www.glassesshop.com/eyeglasses/fm1017,Brunswick Black Round Metal Eyeglasses,"https://glassesshop-res.cloudinary.com/c_fill,f_auto,fl_lossy,q_auto,w_800,h_400,c_pad/products/201805/5af13c7ed9208.jpg",$29.95
https://www.glassesshop.com/eyeglasses/fp1411,Kelowna Black Rectangle Ultem Eyeglasses,"https://glassesshop-res.cloudinary.com/c_fill,f_auto,fl_lossy,q_auto,w_800,h_400,c_pad/products/201710/59e4598958f4c.jpg",$19.95
https://www.glassesshop.com/eyeglasses/sup1000,Oswego Golden Aviator Metal Sunglasses,"https://glassesshop-res.cloudinary.com/c_fill,f_auto,fl_lossy,q_auto,w_800,h_400,c_pad/products/202009/5f5f316c3bc59.jpg",$24.95
https://www.glassesshop.com/eyeglasses/sm0752,Matthew Black Rectangle Metal Eyeglasses,"https://glassesshop-res.cloudinary.com/c_fill,f_auto,fl_lossy,q_auto,w_800,h_400,c_pad/products/201707/5965e69bdcdc8.jpg",$39.95
https://www.glassesshop.com/eyeglasses/fp2418,Bristol MBlack Round TR90 Eyeglasses,"https://glassesshop-res.cloudinary.com/c_fill,f_auto,fl_lossy,q_auto,w_800,h_400,c_pad/products/202108/6110ab4757dd1.jpg",$45.95
https://www.glassesshop.com/eyeglasses/sup0997,Ely Black Horn TR90 Sunglasses,"https://glassesshop-res.cloudinary.com/c_fill,f_auto,fl_lossy,q_auto,w_800,h_400,c_pad/products/202009/5f5f3157aeddb.jpg",$29.95
https://www.glassesshop.com/eyeglasses/fp1543,Adam Black Rectangle Silica-gel Eyeglasses,"https://glassesshop-res.cloudinary.com/c_fill,f_auto,fl_lossy,q_auto,w_800,h_400,c_pad/products/201801/5a65815f91df3.jpg",$24.95
https://www.glassesshop.com/eyeglasses/fz1437,Westlake Tortoise/Golden Round Acetate Eyeglasses,"https://glassesshop-res.cloudinary.com/c_fill,f_auto,fl_lossy,q_auto,w_800,h_400,c_pad/products/202005/5eb9129c7a05e.jpg",$44.95
https://www.glassesshop.com/eyeglasses/fp2565,Vanessa Black Rectangle Plastic Eyeglasses,"https://glassesshop-res.cloudinary.com/c_fill,f_auto,fl_lossy,q_auto,w_800,h_400,c_pad/products/202202/621d904231e4d.jpg",$24.95
https://www.glassesshop.com/eyeglasses/sup1183,Monterey Gray Rectangle TR90 Sunglasses,"https://glassesshop-res.cloudinary.com/c_fill,f_auto,fl_lossy,q_auto,w_800,h_400,c_pad/products/202106/60d17acd64870.jpg",$19.95
https://www.glassesshop.com/eyeglasses/fp1775,Haggai Black/Gunmetal Rectangle TR90 Eyeglasses,"https://glassesshop-res.cloudinary.com/c_fill,f_auto,fl_lossy,q_auto,w_800,h_400,c_pad/products/202005/5ecb7f0658107.jpg",$24.95
https://www.glassesshop.com/eyeglasses/fp2564,Yvette Tortoise/Golden Cat Eye TR90 Eyeglasses,"https://glassesshop-res.cloudinary.com/c_fill,f_auto,fl_lossy,q_auto,w_800,h_400,c_pad/products/202203/62415bda664dd.jpg",$24.94
https://www.glassesshop.com/eyeglasses/fz1093,Buckeye Tortoise Square Acetate Eyeglasses,"https://glassesshop-res.cloudinary.com/c_fill,f_auto,fl_lossy,q_auto,w_800,h_400,c_pad/products/201710/59e01c6dbe752.jpg",$29.95
https://www.glassesshop.com/eyeglasses/fp2101,Audrey Brown/Floral Oval TR90 Eyeglasses,"https://glassesshop-res.cloudinary.com/c_fill,f_auto,fl_lossy,q_auto,w_800,h_400,c_pad/products/202006/5ef06e160365e.jpg",$19.95
https://www.glassesshop.com/eyeglasses/sup1229,Zenobia Black Cat Eye TR90 Sunglasses,"https://glassesshop-res.cloudinary.com/c_fill,f_auto,fl_lossy,q_auto,w_800,h_400,c_pad/products/202106/60d17c9324a44.jpg",$24.94
https://www.glassesshop.com/eyeglasses/sup0711,Marlowe Rose Gold(Rose Gold mirror-coating) Cat Eye Metal Sunglasses,"https://glassesshop-res.cloudinary.com/c_fill,f_auto,fl_lossy,q_auto,w_800,h_400,c_pad/products/201907/5d268bd89da12.jpg",$19.95
https://www.glassesshop.com/eyeglasses/fz1315,Wilsen Multicolor Oval Acetate Eyeglasses,"https://glassesshop-res.cloudinary.com/c_fill,f_auto,fl_lossy,q_auto,w_800,h_400,c_pad/products/201906/5cf8ca4ea18c0.jpg",$29.95
https://www.glassesshop.com/eyeglasses/sup0896,Atlantic Black Horn TR90 Sunglasses,"https://glassesshop-res.cloudinary.com/c_fill,f_auto,fl_lossy,q_auto,w_800,h_400,c_pad/products/202007/5f23cd956286a.jpg",$29.95
https://www.glassesshop.com/eyeglasses/fp2442,Mignon Burgundy/Floral Rectangle Plastic Eyeglasses,"https://glassesshop-res.cloudinary.com/c_fill,f_auto,fl_lossy,q_auto,w_800,h_400,c_pad/products/202109/614a9cc898727.jpg",$19.95
https://www.glassesshop.com/eyeglasses/fz1735,Louise Black Rectangle Acetate Eyeglasses,"https://glassesshop-res.cloudinary.com/c_fill,f_auto,fl_lossy,q_auto,w_800,h_400,c_pad/products/202108/6107bda12f492.jpg",$29.95
https://www.glassesshop.com/eyeglasses/fp2085,Annabelle Champagne Cat Eye TR90 Eyeglasses,"https://glassesshop-res.cloudinary.com/c_fill,f_auto,fl_lossy,q_auto,w_800,h_400,c_pad/products/202005/5eb8b587b14b5.jpg",$24.95
https://www.glassesshop.com/eyeglasses/sup1077,Huntsville Black/Rose Gold Classic Wayframe Metal Sunglasses,"https://glassesshop-res.cloudinary.com/c_fill,f_auto,fl_lossy,q_auto,w_800,h_400,c_pad/products/202103/60457ff015581.jpg",$29.95
https://www.glassesshop.com/eyeglasses/rm0314,Gadsden Purple Polygon Metal Eyeglasses,"https://glassesshop-res.cloudinary.com/c_fill,f_auto,fl_lossy,q_auto,w_800,h_400,c_pad/products/202207/62cbdc2fc2d41.jpg",$14.98
https://www.glassesshop.com/eyeglasses/fm1464,Norfolk Black/Silver Round Metal Eyeglasses,"https://glassesshop-res.cloudinary.com/c_fill,f_auto,fl_lossy,q_auto,w_800,h_400,c_pad/products/202012/5fca07a36bd0c.jpg",$34.95
https://www.glassesshop.com/eyeglasses/fp1984,Yonkers Black/Purple Round TR90 Eyeglasses,"https://glassesshop-res.cloudinary.com/c_fill,f_auto,fl_lossy,q_auto,w_800,h_400,c_pad/products/201910/5d9ff9b83e263.jpg",$12.95
https://www.glassesshop.com/eyeglasses/sup1007,Trista Rose Gold Aviator Titanium Sunglasses,"https://glassesshop-res.cloudinary.com/c_fill,f_auto,fl_lossy,q_auto,w_800,h_400,c_pad/products/202009/5f5f319e16c75.jpg",$44.95
https://www.glassesshop.com/eyeglasses/fp1168,Coolidge Black Round Plastic Eyeglasses,"https://glassesshop-res.cloudinary.com/c_fill,f_auto,fl_lossy,q_auto,w_800,h_400,c_pad/products/201702/58ae78f252584.jpg",$5.95
https://www.glassesshop.com/eyeglasses/fz1916,Ames Tortoise Round Acetate Eyeglasses,"https://glassesshop-res.cloudinary.com/c_fill,f_auto,fl_lossy,q_auto,w_800,h_400,c_pad/products/202203/62415f18700c2.jpg",$29.95
https://www.glassesshop.com/eyeglasses/ft0242,Robben Golden Aviator Titanium Eyeglasses,"https://glassesshop-res.cloudinary.com/c_fill,f_auto,fl_lossy,q_auto,w_800,h_400,c_pad/products/201810/5bbc4f036842a.jpg",$39.95
https://www.glassesshop.com/eyeglasses/fz1791,Nina Black Square Acetate Eyeglasses,"https://glassesshop-res.cloudinary.com/c_fill,f_auto,fl_lossy,q_auto,w_800,h_400,c_pad/products/202111/617fa9958f055.jpg",$29.95
https://www.glassesshop.com/eyeglasses/fp2109,Baltimore Gray/Brown Round TR90 Eyeglasses,"https://glassesshop-res.cloudinary.com/c_fill,f_auto,fl_lossy,q_auto,w_800,h_400,c_pad/products/202007/5f0d02d854f66.jpg",$19.95
https://www.glassesshop.com/eyeglasses/fz1382,Lindsay Petal Tortoise Cat Eye Acetate Eyeglasses,"https://glassesshop-res.cloudinary.com/c_fill,f_auto,fl_lossy,q_auto,w_800,h_400,c_pad/products/201908/5d4d19dba44c0.jpg",$29.95
https://www.glassesshop.com/eyeglasses/sm0898,Stephen Black/Gunmetal Rectangle Metal Eyeglasses,"https://glassesshop-res.cloudinary.com/c_fill,f_auto,fl_lossy,q_auto,w_800,h_400,c_pad/products/202009/5f5f30ccc7b43.jpg",$12.95
https://www.glassesshop.com/eyeglasses/sup1234,Pangnirtung Black Rectangle TR90 Sunglasses,"https://glassesshop-res.cloudinary.com/c_fill,f_auto,fl_lossy,q_auto,w_800,h_400,c_pad/products/202111/617fa894990b5.jpg",$34.95
https://www.glassesshop.com/eyeglasses/fp1500,Astrid Purple Cat Eye Plastic Eyeglasses,"https://glassesshop-res.cloudinary.com/c_fill,f_auto,fl_lossy,q_auto,w_800,h_400,c_pad/products/202005/5ec744a8c80b0.jpg",$19.95
https://www.glassesshop.com/eyeglasses/sup0700,Nodia Black Rectangle TR90 Sunglasses,"https://glassesshop-res.cloudinary.com/c_fill,f_auto,fl_lossy,q_auto,w_800,h_400,c_pad/products/201906/5cff70bbe91a2.jpg",$29.95
https://www.glassesshop.com/eyeglasses/sup1081,Richmond Brown/Golden Classic Wayframe TR90 Sunglasses,"https://glassesshop-res.cloudinary.com/c_fill,f_auto,fl_lossy,q_auto,w_800,h_400,c_pad/products/202103/6045800a40a1b.jpg",$19.95
https://www.glassesshop.com/eyeglasses/fp2496,Wilcox Black Aviator TR90 Eyeglasses,"https://glassesshop-res.cloudinary.com/c_fill,f_auto,fl_lossy,q_auto,w_800,h_400,c_pad/products/202111/617fac077e522.jpg",$24.95
https://www.glassesshop.com/eyeglasses/fm1470,Celeste Purple Oval Metal Eyeglasses,"https://glassesshop-res.cloudinary.com/c_fill,f_auto,fl_lossy,q_auto,w_800,h_400,c_pad/products/202008/5f30d29c54cab.jpg",$34.95
https://www.glassesshop.com/eyeglasses/fz1900,Waukegan Crysta|/Tortoise Square Acetate Eyeglasses,"https://glassesshop-res.cloudinary.com/c_fill,f_auto,fl_lossy,q_auto,w_800,h_400,c_pad/products/202203/62415cc10ec4d.jpg",$29.95
https://www.glassesshop.com/eyeglasses/ft0558,Alvin Black/Gunmetal Rectangle Titanium Eyeglasses,"https://glassesshop-res.cloudinary.com/c_fill,f_auto,fl_lossy,q_auto,w_800,h_400,c_pad/products/202111/617fab426aa96.jpg",$54.95
https://www.glassesshop.com/eyeglasses/fm1465,Benjamin Silver Rectangle Metal Eyeglasses,"https://glassesshop-res.cloudinary.com/c_fill,f_auto,fl_lossy,q_auto,w_800,h_400,c_pad/products/202006/5eddb2dfc7a7b.jpg",$29.95
https://www.glassesshop.com/eyeglasses/fm1452,Edgar Black/Golden Rectangle Metal Eyeglasses,"https://glassesshop-res.cloudinary.com/c_fill,f_auto,fl_lossy,q_auto,w_800,h_400,c_pad/products/202005/5eb91371dbe05.jpg",$35.95
https://www.glassesshop.com/eyeglasses/fz1559,Kissimmee Black Square Acetate Eyeglasses,"https://glassesshop-res.cloudinary.com/c_fill,f_auto,fl_lossy,q_auto,w_800,h_400,c_pad/products/202011/5fc4587b7c0dc.jpg",$2.99
https://www.glassesshop.com/eyeglasses/fm1349,Hawthorn Black Rectangle Metal Eyeglasses,"https://glassesshop-res.cloudinary.com/c_fill,f_auto,fl_lossy,q_auto,w_800,h_400,c_pad/products/201812/5c2436744043a.jpg",$29.95
https://www.glassesshop.com/eyeglasses/fz1988,Lina Crystal Cat Eye Acetate Eyeglasses,"https://glassesshop-res.cloudinary.com/c_fill,f_auto,fl_lossy,q_auto,w_800,h_400,c_pad/products/202208/62f9e54bb5c79.jpg",$14.98
https://www.glassesshop.com/eyeglasses/fm1588,Caroline Rose Gold Cat Eye Metal Eyeglasses,"https://glassesshop-res.cloudinary.com/c_fill,f_auto,fl_lossy,q_auto,w_800,h_400,c_pad/products/202104/606bd3fb7d92c.jpg",$19.95
https://www.glassesshop.com/eyeglasses/fm1503,Antony Black Rectangle Metal Eyeglasses,"https://glassesshop-res.cloudinary.com/c_fill,f_auto,fl_lossy,q_auto,w_800,h_400,c_pad/products/202010/5f9237cbea23a.jpg",$24.95
https://www.glassesshop.com/eyeglasses/fz1913,Altoona Crystal Rectangle Acetate Eyeglasses,"https://glassesshop-res.cloudinary.com/c_fill,f_auto,fl_lossy,q_auto,w_800,h_400,c_pad/products/202203/62415d2ce6bcb.jpg",$29.95
https://www.glassesshop.com/eyeglasses/fm1714,Cedric Black Rectangle Metal Eyeglasses,"https://glassesshop-res.cloudinary.com/c_fill,f_auto,fl_lossy,q_auto,w_800,h_400,c_pad/products/202202/620a049b5070e.jpg",$24.95
https://www.glassesshop.com/eyeglasses/sup1218,Charlotte Petal Tortoise Oval Acetate Sunglasses,"https://glassesshop-res.cloudinary.com/c_fill,f_auto,fl_lossy,q_auto,w_800,h_400,c_pad/products/202106/60d17c32796cc.jpg",$29.95
https://www.glassesshop.com/eyeglasses/fp2154,Goodland Black/Pink Rectangle TR90 Eyeglasses,"https://glassesshop-res.cloudinary.com/c_fill,f_auto,fl_lossy,q_auto,w_800,h_400,c_pad/products/202011/5fa8e92a596c1.jpg",$19.95
https://www.glassesshop.com/eyeglasses/ft0364,Glenview Golden Round Titanium Eyeglasses,"https://glassesshop-res.cloudinary.com/c_fill,f_auto,fl_lossy,q_auto,w_800,h_400,c_pad/products/202002/5e4288d506c67.jpg",$49.95
https://www.glassesshop.com/eyeglasses/fp1647,Angel Brown Rectangle TR90 Eyeglasses,"https://glassesshop-res.cloudinary.com/c_fill,f_auto,fl_lossy,q_auto,w_800,h_400,c_pad/products/201805/5afe7eacbb789.jpg",$19.95
https://www.glassesshop.com/eyeglasses/fp2057,Oak Purple Aviator TR90 Eyeglasses,"https://glassesshop-res.cloudinary.com/c_fill,f_auto,fl_lossy,q_auto,w_800,h_400,c_pad/products/202004/5ea6a6cf7e76a.jpg",$19.95
https://www.glassesshop.com/eyeglasses/fp2070,Bensenville Black Round TR90 Eyeglasses,"https://glassesshop-res.cloudinary.com/c_fill,f_auto,fl_lossy,q_auto,w_800,h_400,c_pad/products/202004/5ea6a7459638c.jpg",$19.95
https://www.glassesshop.com/eyeglasses/sup1091,Barstow Green/Golden/Tortoise Round Metal Sunglasses,"https://glassesshop-res.cloudinary.com/c_fill,f_auto,fl_lossy,q_auto,w_800,h_400,c_pad/products/202103/60458065cc97a.jpg",$29.95
https://www.glassesshop.com/eyeglasses/fp2463,Clara Crystal/Golden Round TR90 Eyeglasses,"https://glassesshop-res.cloudinary.com/c_fill,f_auto,fl_lossy,q_auto,w_800,h_400,c_pad/products/202111/617fae8852098.jpg",$24.95
https://www.glassesshop.com/eyeglasses/ft0416,Scranton Tortoise/Golden Round Titanium Eyeglasses,"https://glassesshop-res.cloudinary.com/c_fill,f_auto,fl_lossy,q_auto,w_800,h_400,c_pad/products/202010/5f9242e327875.jpg",$34.95
https://www.glassesshop.com/eyeglasses/spfm019,Road Brown Rectangle Plastic Sunglasses,"https://glassesshop-res.cloudinary.com/c_fill,f_auto,fl_lossy,q_auto,w_800,h_400,c_pad/products/202109/613efbba76706.jpg",$29.95
https://www.glassesshop.com/eyeglasses/sup1005,Roanoke Crystal Horn TR90 Sunglasses,"https://glassesshop-res.cloudinary.com/c_fill,f_auto,fl_lossy,q_auto,w_800,h_400,c_pad/products/202203/6226caceacf8d.jpg",$19.95
https://www.glassesshop.com/eyeglasses/fp1504,Joyce Brown Cat Eye Plastic Eyeglasses,"https://glassesshop-res.cloudinary.com/c_fill,f_auto,fl_lossy,q_auto,w_800,h_400,c_pad/products/202109/613f0dd5d2060.jpg",$19.95
https://www.glassesshop.com/eyeglasses/spfm014,Tacoma Black Rectangle Plastic Sunglasses,"https://glassesshop-res.cloudinary.com/c_fill,f_auto,fl_lossy,q_auto,w_800,h_400,c_pad/products/202108/6110c56b5809f.jpg",$34.95
https://www.glassesshop.com/eyeglasses/fm1565,Barret Black/Golden Rectangle Metal Eyeglasses,"https://glassesshop-res.cloudinary.com/c_fill,f_auto,fl_lossy,q_auto,w_800,h_400,c_pad/products/202106/60d13aac8e41f.jpg",$29.95
https://www.glassesshop.com/eyeglasses/fm1573,Rouge Gunmetal Oval Metal Eyeglasses,"https://glassesshop-res.cloudinary.com/c_fill,f_auto,fl_lossy,q_auto,w_800,h_400,c_pad/products/202102/602a0fc41a436.jpg",$19.95
https://www.glassesshop.com/eyeglasses/fz1859,Lagrange Tortoise/Black Rectangle Acetate Eyeglasses,"https://glassesshop-res.cloudinary.com/c_fill,f_auto,fl_lossy,q_auto,w_800,h_400,c_pad/products/202202/620a0afcb8704.jpg",$29.95
https://www.glassesshop.com/eyeglasses/sup1235,Zora Multicolor Square Acetate Sunglasses,"https://glassesshop-res.cloudinary.com/c_fill,f_auto,fl_lossy,q_auto,w_800,h_400,c_pad/products/202203/6243ffe48916a.jpg",$29.95
https://www.glassesshop.com/eyeglasses/sm0902,Bowen Gunmetal Rectangle Metal Eyeglasses,"https://glassesshop-res.cloudinary.com/c_fill,f_auto,fl_lossy,q_auto,w_800,h_400,c_pad/products/202010/5f92441abd5f3.jpg",$29.95
https://www.glassesshop.com/eyeglasses/sm0933,Barlow Gunmetal Rectangle Metal Eyeglasses,"https://glassesshop-res.cloudinary.com/c_fill,f_auto,fl_lossy,q_auto,w_800,h_400,c_pad/products/202109/614a9e2fa5fcb.jpg",$29.95
https://www.glassesshop.com/eyeglasses/ft0425,Manhattan Golden/Green Aviator Titanium Eyeglasses,"https://glassesshop-res.cloudinary.com/c_fill,f_auto,fl_lossy,q_auto,w_800,h_400,c_pad/products/202103/604eccadb22ca.jpg",$44.95
https://www.glassesshop.com/eyeglasses/fz1375,Bobosa Petal Tortoise Square Acetate Eyeglasses,"https://glassesshop-res.cloudinary.com/c_fill,f_auto,fl_lossy,q_auto,w_800,h_400,c_pad/products/201907/5d2d2660a22b3.jpg",$29.95
https://www.glassesshop.com/eyeglasses/sm0908,Kitchener Red Oval Metal Eyeglasses,"https://glassesshop-res.cloudinary.com/c_fill,f_auto,fl_lossy,q_auto,w_800,h_400,c_pad/products/202101/5ff2c7af76646.jpg",$29.95
https://www.glassesshop.com/eyeglasses/fp2500,Theresa Multicolor Square TR90 Eyeglasses,"https://glassesshop-res.cloudinary.com/c_fill,f_auto,fl_lossy,q_auto,w_800,h_400,c_pad/products/202111/617fac27c446f.jpg",$24.95
https://www.glassesshop.com/eyeglasses/fp2527,Doris Burgundy/Floral Cat Eye TR90 Eyeglasses,"https://glassesshop-res.cloudinary.com/c_fill,f_auto,fl_lossy,q_auto,w_800,h_400,c_pad/products/202203/62415b96c4dc2.jpg",$29.95
https://www.glassesshop.com/eyeglasses/fp2560,Marcia Green Square TR90 Eyeglasses,"https://glassesshop-res.cloudinary.com/c_fill,f_auto,fl_lossy,q_auto,w_800,h_400,c_pad/products/202202/620a08dfc8a2b.jpg",$12.95
https://www.glassesshop.com/eyeglasses/sup1239,Cloud Black/Golden Aviator Titanium Sunglasses,"https://glassesshop-res.cloudinary.com/c_fill,f_auto,fl_lossy,q_auto,w_800,h_400,c_pad/products/202109/613efbe4666a9.jpg",$45.95
https://www.glassesshop.com/eyeglasses/st0256,Mandel Brown Rectangle Titanium Eyeglasses,"https://glassesshop-res.cloudinary.com/c_fill,f_auto,fl_lossy,q_auto,w_800,h_400,c_pad/products/202106/60c7fff07833f.jpg",$49.95
https://www.glassesshop.com/eyeglasses/ft0465,Hopkinsville Green/Golden Round Titanium Eyeglasses,"https://glassesshop-res.cloudinary.com/c_fill,f_auto,fl_lossy,q_auto,w_800,h_400,c_pad/products/202102/602a108f7a4cc.jpg",$44.95
https://www.glassesshop.com/eyeglasses/sup1006,Teresa Petal Tortoise Square Acetate Sunglasses,"https://glassesshop-res.cloudinary.com/c_fill,f_auto,fl_lossy,q_auto,w_800,h_400,c_pad/products/202009/5f5f3196da9ce.jpg",$29.95
https://www.glassesshop.com/eyeglasses/fp1923,Bray Purple Oval TR90 Eyeglasses,"https://glassesshop-res.cloudinary.com/c_fill,f_auto,fl_lossy,q_auto,w_800,h_400,c_pad/products/202101/5fffb4b75dafe.jpg",$12.95
